{
  "accuracy": 0.748,
  "f1_score": 0.747022213641903,
  "model_type": "random_forest",
  "label_distribution": {
    "0": 0.3685790527018012,
    "1": 0.43512341561040696,
    "2": 0.19629753168779185
  },
  "class_metrics": {
    "0": {
      "precision": 0.7567567567567568,
      "recall": 0.8092485549132948
    },
    "1": {
      "precision": 0.7203389830508474,
      "recall": 0.748898678414097
    },
    "2": {
      "precision": 0.810126582278481,
      "recall": 0.64
    }
  },
  "warnings": []
}