{
  "accuracy": 0.69,
  "f1_score": 0.689302304899321,
  "model_type": "random_forest",
  "label_distribution": {
    "0": 0.35957304869913276,
    "1": 0.44362908605737156,
    "2": 0.19679786524349566
  },
  "class_metrics": {
    "0": {
      "precision": 0.72,
      "recall": 0.7283236994219653
    },
    "1": {
      "precision": 0.6518218623481782,
      "recall": 0.7092511013215859
    },
    "2": {
      "precision": 0.7435897435897436,
      "recall": 0.58
    }
  },
  "warnings": []
}